[
  {
    "object": "Deployment/hopkinsconnect-backend.default",
    "valid": true,
    "fileName": "backend-deployment.yaml",
    "message": "Passed with a score of 5 points",
    "score": 5,
    "scoring": {
      "passed": [
        {
          "id": "RunAsNonRoot",
          "selector": ".spec, .spec.containers[] | .securityContext .runAsNonRoot == true",
          "reason": "Force the running image to run as a non-root user to ensure least privilege",
          "points": 1
        },
        {
          "id": "LimitsCPU",
          "selector": "containers[] .resources .limits .cpu",
          "reason": "Enforcing CPU limits prevents DOS via resource exhaustion",
          "points": 1
        },
        {
          "id": "LimitsMemory",
          "selector": "containers[] .resources .limits .memory",
          "reason": "Enforcing memory limits prevents DOS via resource exhaustion",
          "points": 1
        },
        {
          "id": "RequestsCPU",
          "selector": "containers[] .resources .requests .cpu",
          "reason": "Enforcing CPU requests aids a fair balancing of resources across the cluster",
          "points": 1
        },
        {
          "id": "RequestsMemory",
          "selector": "containers[] .resources .requests .memory",
          "reason": "Enforcing memory requests aids a fair balancing of resources across the cluster",
          "points": 1
        }
      ],
      "advise": [
        {
          "id": "ApparmorAny",
          "selector": ".metadata .annotations .\"container.apparmor.security.beta.kubernetes.io/nginx\"",
          "reason": "Well defined AppArmor policies may provide greater protection from unknown threats. WARNING: NOT PRODUCTION READY",
          "points": 3
        },
        {
          "id": "ServiceAccountName",
          "selector": ".spec .serviceAccountName",
          "reason": "Service accounts restrict Kubernetes API access and should be configured with least privilege",
          "points": 3
        },
        {
          "id": "SeccompAny",
          "selector": ".metadata .annotations .\"container.seccomp.security.alpha.kubernetes.io/pod\"",
          "reason": "Seccomp profiles set minimum privilege and secure against unknown threats",
          "points": 1
        },
        {
          "id": "AutomountServiceAccountToken",
          "selector": ".spec .automountServiceAccountToken == false",
          "reason": "Disabling the automounting of Service Account Token reduces the attack surface of the API server",
          "points": 1
        },
        {
          "id": "RunAsGroup",
          "selector": ".spec, .spec.containers[] | .securityContext .runAsGroup -gt 10000",
          "reason": "Run as a high-UID group to avoid conflicts with the host's groups",
          "points": 1
        },
        {
          "id": "RunAsUser",
          "selector": ".spec, .spec.containers[] | .securityContext .runAsUser -gt 10000",
          "reason": "Run as a high-UID user to avoid conflicts with the host's users",
          "points": 1
        },
        {
          "id": "CapDropAny",
          "selector": "containers[] .securityContext .capabilities .drop",
          "reason": "Reducing kernel capabilities available to a container limits its attack surface",
          "points": 1
        },
        {
          "id": "CapDropAll",
          "selector": "containers[] .securityContext .capabilities .drop | index(\"ALL\")",
          "reason": "Drop all capabilities and add only those required to reduce syscall attack surface",
          "points": 1
        },
        {
          "id": "ReadOnlyRootFilesystem",
          "selector": "containers[] .securityContext .readOnlyRootFilesystem == true",
          "reason": "An immutable root filesystem can prevent malicious binaries being added to PATH and increase attack cost",
          "points": 1
        }
      ]
    }
  }
]
